Entity,1965,1966,1967,1968,1969,1970,1971,1972,1973,1974,1975,1976,1977,1978,1979,1980,1981,1982,1983,1984,1985,1986,1987,1988,1989,1990,1991,1992,1993,1994,1995,1996,1997,1998,1999,2000,2001,2002,2003,2004,2005,2006,2007,2008,2009,2010,2011,2012,2013,2014,2015,2016,2017,2018,2019,2020
Africa,699.0,735.008,741.093,781.661,800.499,872.838,948.591,1005.908,1089.114,1141.976,1208.76,1322.948,1391.411,1444.983,1584.175,1700.516,1892.199,2020.276,2074.035,2142.948,2226.489,2279.404,2354.141,2518.829,2525.99,2606.334,2599.656,2640.205,2645.987,2736.804,2848.286,2924.556,2980.83,3027.13,3120.426,3193.59,3305.583,3346.388,3505.433,3742.319,3776.688,3841.072,3983.378,4224.608,4301.272,4442.376,4456.761,4621.306,4751.044,4930.545,5024.892,5163.861,5285.288,5417.289,5520.056,5162.275
Algeria,24.761,29.769,28.174,30.244,33.474,36.655,39.674,44.559,53.116,58.82,70.311,82.032,90.164,113.317,148.488,177.097,215.121,248.026,270.925,260.115,262.181,277.446,285.079,305.389,297.028,314.95,312.043,320.191,297.932,301.891,313.11,309.901,297.846,308.31,311.398,299.936,310.801,321.94,336.876,349.734,366.175,379.183,399.601,423.509,448.801,438.964,464.422,507.603,536.956,585.572,617.482,616.941,623.701,671.055,695.143,638.496
Argentina,328.332,338.963,348.798,360.551,372.64,353.124,374.395,379.105,395.896,411.331,401.897,421.561,440.243,440.487,472.565,469.058,455.134,463.15,482.589,483.561,477.471,504.59,527.261,536.946,518.125,509.723,518.849,557.012,572.494,605.287,628.421,662.54,674.108,700.362,706.883,709.047,690.743,663.971,709.362,752.068,798.026,839.4,879.095,888.751,864.127,898.253,926.83,961.133,998.486,996.752,1015.811,1009.007,1011.457,997.102,939.086,874.612
Asia Pacific,5195.369,5641.396,5908.297,6367.316,7235.479,8237.08,9021.072,9554.854,10320.586,10542.212,10945.957,11473.96,12140.652,12972.49,13573.956,13689.97,13791.469,13925.328,14544.32,15554.175,16314.806,17004.765,17966.496,19277.273,20311.419,21154.768,22124.166,23147.54,24367.839,25708.974,26995.096,28254.026,29116.91,29018.637,30133.875,31253.805,32272.812,33899.479,36689.969,40306.074,43415.966,45970.729,48835.541,50188.65,51309.611,54611.696,57498.089,59368.69,61136.445,62605.004,63710.493,65067.937,67057.021,69402.074,71261.096,70347.093
Australia,424.259,444.668,471.61,500.152,520.756,568.171,596.636,623.908,667.014,709.237,721.029,746.351,783.364,808.423,838.565,841.674,855.141,847.417,818.588,849.885,874.883,892.201,918.547,960.579,1009.194,1030.075,1022.201,1039.052,1060.861,1102.279,1151.151,1184.877,1214.009,1243.042,1293.871,1302.451,1312.784,1338.907,1357.719,1400.628,1404.486,1465.437,1496.329,1517.156,1490.583,1480.259,1523.502,1504.63,1523.72,1539.015,1575.636,1582.272,1574.244,1582.532,1632.529,1546.83
Austria,186.616,195.219,197.192,210.983,218.93,250.334,250.07,258.728,278.068,278.892,276.799,287.208,287.132,299.72,317.182,315.657,305.992,295.785,295.01,292.657,307.279,310.363,327.302,322.372,324.229,329.047,345.371,339.175,344.982,343.068,359.618,360.713,368.085,373.851,381.969,383.281,397.414,398.17,403.549,410.287,417.261,412.542,402.872,410.946,397.028,410.531,384.392,403.154,400.515,383.817,384.53,397.179,406.815,397.137,415.964,384.36
Belgium,412.892,397.805,417.607,465.37,510.732,539.544,529.31,562.7,570.243,550.686,517.547,548.937,549.747,573.819,590.469,565.183,537.34,513.866,497.46,519.747,542.228,559.26,576.036,587.489,591.973,618.635,640.153,638.74,628.53,661.316,669.454,711.118,718.26,732.408,726.944,740.151,733.765,730.283,758.455,761.282,752.476,754.279,759.169,771.123,720.311,767.655,716.501,686.54,705.211,655.32,664.573,716.316,724.023,718.624,740.942,608.567
Brazil,269.297,293.779,304.348,348.011,379.953,440.505,481.739,554.967,661.667,722.817,763.679,838.69,896.275,987.784,1069.406,1091.086,1063.698,1116.457,1138.542,1222.397,1301.654,1387.887,1429.371,1483.961,1513.828,1488.863,1546.03,1618.265,1690.599,1776.659,1865.465,1969.715,2082.24,2158.256,2196.877,2233.892,2186.656,2237.889,2277.733,2388.812,2456.158,2517.919,2670.789,2787.295,2764.258,3042.656,3182.806,3240.433,3362.015,3438.78,3388.909,3301.494,3343.262,3365.822,3450.384,3335.555
Bulgaria,119.567,128.205,148.978,166.704,185.738,208.973,217.608,223.943,232.613,239.602,264.721,280.176,295.143,305.748,317.291,334.958,329.841,337.937,340.091,338.104,335.693,342.497,345.097,352.946,349.936,323.224,261.051,245.178,260.996,251.245,270.214,268.973,254.93,244.534,213.562,215.891,223.248,217.844,226.049,218.832,236.666,241.217,233.941,230.075,201.083,209.284,222.732,211.254,195.36,208.576,221.684,210.044,214.864,214.446,207.051,191.651
CIS,6902.17,7339.638,7714.98,8001.394,8353.559,8787.364,9219.433,9694.172,10187.24,10749.678,11282.076,11720.662,12244.958,12772.343,13122.127,13414.247,13699.584,14042.961,14338.136,14875.516,11972.275,12243.662,12597.588,12880.926,12889.335,12680.816,12457.297,11927.602,11020.227,10048.859,9455.424,9148.008,8629.085,8611.618,8719.639,8805.188,8983.239,8960.32,9166.098,9314.588,9345.859,9688.01,9811.674,9817.695,9410.007,9786.967,10198.443,10305.8,10148.283,10228.343,10113.364,10245.762,10362.045,10855.888,10804.997,10310.601
Canada,1367.866,1455.304,1522.282,1621.127,1718.32,1840.161,1897.776,2041.289,2216.748,2284.767,2251.902,2357.539,2494.073,2539.723,2613.791,2663.874,2644.917,2565.251,2548.875,2710.799,2798.548,2824.224,2915.372,3035.77,3069.161,2949.625,2959.071,3038.601,3114.682,3233.617,3313.246,3401.854,3420.465,3373.895,3480.984,3575.49,3504.306,3622.585,3643.051,3698.818,3728.01,3705.631,3840.392,3801.961,3651.337,3687.473,3826.848,3836.774,3928.385,3942.824,3962.271,3918.644,3956.463,4010.742,4014.246,3785.898
Chile,72.316,77.534,79.044,78.852,84.92,89.63,96.89,100.038,96.203,95.158,85.696,90.101,93.442,98.932,102.236,105.567,108.321,99.122,101.828,106.542,108.036,112.878,118.427,132.224,145.878,153.679,172.182,190.472,201.417,211.697,228.157,242.101,276.942,278.139,290.081,306.695,308.756,319.559,317.723,333.892,346.954,370.481,378.516,375.18,367.422,369.03,401.205,410.131,414.198,406.241,415.351,435.776,438.836,456.619,467.922,446.333
China,1532.234,1665.278,1497.595,1512.597,1841.018,2357.391,2794.914,3012.931,3180.293,3279.293,3672.626,3866.906,4216.885,4624.286,4763.124,4856.288,4790.985,5002.7,5324.023,5712.492,6178.473,6475.315,6983.135,7500.793,7870.66,7972.524,8375.781,8820.224,9497.171,10081.186,10390.955,10932.132,10995.753,11010.809,11396.777,11792.545,12456.052,13569.202,15801.747,18485.282,21000.444,23023.881,25023.782,25957.174,27091.711,28969.493,31261.943,32513.607,33717.939,34673.24,35148.307,35730.98,36890.13,38215.716,39452.425,40404.443
Colombia,88.262,96.173,102.384,107.862,109.723,119.704,117.652,132.154,131.964,147.877,150.924,157.222,160.792,171.997,182.714,185.837,190.251,198.945,209.095,214.665,223.168,230.447,250.56,250.738,263.829,246.727,256.26,268.037,295.1,316.837,321.754,330.009,340.303,341.638,316.005,307.948,303.0,301.876,312.419,317.995,318.864,356.65,357.584,386.86,379.674,399.472,411.896,440.996,444.179,466.594,471.9,495.821,504.646,514.143,530.224,490.935
Cyprus,4.68,5.339,5.787,6.427,7.59,8.005,9.549,10.737,11.519,10.213,8.53,8.673,9.797,10.044,10.193,10.279,9.856,11.814,12.431,12.612,13.565,14.143,17.281,17.845,18.312,19.275,19.512,22.797,23.69,23.732,25.231,25.605,25.852,27.447,28.881,30.261,30.61,30.186,32.088,31.228,34.993,34.412,34.985,35.848,34.987,34.029,33.673,31.54,28.202,28.218,29.094,31.641,32.498,32.36,32.379,28.202
Czechia,468.378,471.908,464.6,484.629,505.318,526.565,553.485,556.619,559.971,565.845,588.974,605.47,625.296,634.075,640.698,620.406,615.856,608.705,609.669,629.995,631.067,637.85,652.174,655.032,634.964,545.784,496.719,481.996,478.03,465.312,484.957,501.68,481.064,466.989,447.625,473.138,483.781,484.957,512.559,525.232,517.193,527.019,521.142,510.942,489.785,510.143,498.298,495.204,485.331,474.499,465.314,459.021,478.915,477.461,471.76,427.106
Denmark,166.204,189.055,190.119,198.663,228.043,242.985,229.631,242.338,234.465,213.31,210.236,231.44,236.185,239.613,239.132,232.953,209.239,199.986,190.089,193.268,217.786,222.595,214.579,212.215,195.681,201.76,232.569,217.752,230.812,247.609,243.135,289.321,262.243,252.734,244.954,235.215,235.791,235.041,253.085,239.085,230.598,254.184,240.822,231.68,217.782,228.662,215.706,199.434,208.333,201.261,194.153,195.859,195.828,193.687,188.006,163.998
Eastern Africa,102.632,112.644,115.966,120.773,126.383,142.847,153.173,160.621,169.419,175.644,171.333,183.722,186.304,181.497,187.239,187.511,185.031,182.463,183.648,182.592,189.17,199.066,199.839,216.259,219.156,246.806,235.053,230.788,245.871,247.427,252.003,253.423,263.43,280.602,286.552,290.079,312.049,319.692,315.72,341.131,352.577,364.951,383.621,380.599,401.309,434.552,456.138,461.095,504.676,551.448,576.534,564.828,598.373,632.278,643.182,588.615
Ecuador,8.612,9.061,9.803,11.583,12.304,14.7,16.153,16.879,18.074,21.098,21.346,23.516,27.993,29.242,30.471,38.662,42.915,47.152,46.03,50.991,60.381,63.187,65.046,75.206,77.56,80.085,88.523,88.083,91.189,99.142,93.889,106.772,119.044,119.669,108.933,102.749,104.203,102.756,104.464,112.739,119.454,126.318,132.561,140.957,138.051,153.487,162.506,171.586,177.342,186.269,185.467,184.395,190.916,201.729,206.74,179.213
Egypt,91.365,96.136,82.232,88.58,72.66,90.591,93.086,103.365,97.649,110.941,123.071,147.19,159.652,168.574,184.36,209.906,239.265,267.118,289.053,315.387,327.21,334.709,355.023,360.295,379.768,389.54,394.656,390.87,391.104,411.305,435.815,459.219,478.391,498.138,534.478,565.978,590.716,605.732,644.313,651.985,698.74,729.498,774.047,816.941,857.264,900.592,917.493,963.867,957.844,956.099,977.035,1026.29,1055.171,1070.441,1072.796,1013.053
Europe,12356.933,12728.607,13103.817,13979.717,14996.056,15971.276,16402.703,17186.626,18176.079,17924.362,17743.075,18754.054,19066.037,19796.718,20534.973,20021.934,19503.956,19136.899,19311.881,19812.204,23691.903,24091.746,24579.27,24837.124,24745.636,25002.978,24691.666,23880.309,23469.88,22976.888,23449.383,24023.946,23947.892,24152.686,24005.576,24282.834,24546.688,24447.881,24883.851,25241.471,25371.446,25584.41,25350.553,25212.041,23723.005,24591.817,24029.003,23938.298,23691.017,22779.437,22978.371,23281.687,23510.985,23537.779,23182.805,21429.911
European Union (27),9378.057,9697.471,10037.798,10755.047,11650.145,12505.596,12905.245,13606.109,14383.952,14238.071,14161.422,15059.237,15271.39,15899.232,16475.826,16196.824,15725.754,15353.108,15419.264,15883.348,16692.807,16937.259,17284.938,17424.478,17476.462,17381.48,17298.632,16968.076,16832.606,16765.351,17182.443,17710.226,17638.375,17822.181,17737.6,17869.008,18218.481,18103.931,18454.385,18703.484,18712.687,18847.88,18609.299,18526.475,17417.715,18074.189,17532.283,17322.297,17171.402,16552.983,16764.915,16952.957,17168.002,17162.934,16871.912,15482.087
Finland,113.727,129.505,136.168,148.151,163.353,180.002,184.667,194.85,214.883,205.663,209.063,222.341,234.601,243.971,263.498,262.415,263.913,260.553,257.881,268.847,282.4,285.674,300.662,298.754,300.146,317.651,324.784,323.398,326.045,342.71,326.128,342.158,345.343,356.652,350.402,351.973,360.007,361.936,387.942,384.638,349.112,375.014,373.635,359.026,333.55,361.879,338.141,328.636,330.514,318.673,316.533,322.118,314.965,321.31,312.568,304.526
France,1301.201,1331.715,1418.668,1496.953,1650.146,1792.15,1864.902,1993.84,2165.874,2125.391,2000.776,2132.8,2156.192,2254.034,2320.736,2290.452,2265.005,2180.74,2233.562,2307.344,2382.86,2440.776,2484.387,2516.268,2551.208,2628.645,2794.175,2815.379,2814.926,2777.65,2844.369,2951.424,2911.245,2979.52,3030.472,3069.369,3105.74,3075.03,3107.154,3132.532,3115.233,3089.17,3034.401,3042.699,2873.238,2958.504,2843.513,2842.631,2870.495,2748.268,2764.936,2718.111,2698.646,2745.109,2686.761,2417.785
Germany,2966.381,2973.843,2966.374,3167.279,3417.025,3607.105,3640.359,3766.865,3983.465,3913.557,3759.603,4012.129,4001.058,4145.719,4375.906,4231.679,4099.002,3953.762,4009.857,4156.767,4278.247,4242.891,4278.467,4292.119,4246.533,4179.817,4078.242,3995.809,3978.084,3940.489,3960.505,4091.457,4038.083,4006.189,3949.307,3974.281,4044.476,3990.886,3987.039,3983.159,3934.878,4031.239,3858.148,3896.481,3653.599,3806.796,3666.761,3713.049,3817.824,3656.791,3721.694,3782.768,3828.368,3732.184,3625.339,3364.175
Greece,79.003,86.34,95.1,98.893,104.354,115.89,138.157,155.037,178.535,174.517,197.929,218.737,226.846,230.647,202.397,200.498,195.907,198.545,199.879,208.625,220.408,220.8,241.582,255.176,276.729,286.995,290.927,296.222,300.113,305.171,316.155,324.009,333.344,354.103,353.852,372.309,375.483,375.703,397.25,397.158,398.453,409.94,418.494,406.027,391.205,372.404,364.722,342.854,321.683,302.666,305.77,299.972,314.429,314.446,331.338,277.864
Hong Kong,26.302,28.526,33.693,36.428,42.8,45.982,48.56,55.154,57.202,58.558,55.127,65.091,70.284,73.017,74.763,76.396,81.409,89.35,94.743,97.063,100.768,105.591,116.02,133.649,142.859,139.358,144.389,169.929,185.502,168.093,180.681,180.591,182.693,186.234,188.622,197.475,249.42,243.433,251.405,281.527,270.09,285.752,304.014,282.853,308.858,321.151,329.299,316.458,325.026,317.54,326.451,335.049,359.259,361.604,344.667,258.124
Hungary,184.962,187.445,178.878,185.59,198.745,214.124,221.08,228.258,247.176,254.747,269.69,288.125,302.953,324.013,320.846,321.819,318.551,319.965,314.305,322.76,332.966,331.353,345.967,337.823,329.047,322.296,300.914,288.636,280.35,282.664,285.877,291.288,284.224,288.535,287.744,279.305,286.106,283.019,283.636,287.833,307.111,302.691,298.428,293.973,270.302,275.332,267.153,249.112,236.416,235.961,248.644,254.049,266.76,268.638,272.143,268.882
Iceland,7.468,7.84,7.76,8.211,8.168,9.85,10.721,11.654,14.07,13.703,13.141,13.575,14.36,14.996,15.624,15.812,16.121,16.503,17.031,17.926,17.743,18.548,19.141,20.186,20.908,20.927,20.427,21.149,21.971,22.216,22.927,24.294,25.449,27.525,30.15,32.013,32.343,33.594,33.759,34.448,34.589,37.973,43.376,54.105,54.02,54.017,54.024,54.559,56.302,56.228,58.684,58.981,61.699,63.922,60.856,57.049
India,616.016,634.827,654.42,699.353,775.249,758.208,788.345,829.996,847.023,897.93,964.774,1011.858,1070.095,1110.77,1173.111,1208.517,1338.549,1326.985,1396.257,1491.057,1574.708,1685.87,1793.761,1952.151,2131.817,2288.399,2414.033,2539.769,2603.079,2742.259,2948.734,3068.282,3238.241,3433.099,3533.03,3712.791,3728.64,3851.15,3989.106,4326.245,4582.609,4825.335,5236.372,5542.541,5957.745,6243.718,6611.914,6954.235,7226.852,7718.489,7967.527,8320.578,8649.976,9204.848,9414.266,8884.38
Indonesia,84.189,83.471,82.42,87.835,99.169,106.206,101.655,107.846,121.595,130.295,159.6,167.777,221.769,245.766,280.505,300.013,325.964,332.312,352.38,381.673,405.757,449.862,475.626,501.967,555.333,611.731,663.549,728.308,769.53,822.671,876.402,934.785,1015.12,997.243,1088.35,1178.326,1260.163,1302.701,1401.985,1395.736,1430.001,1452.015,1560.634,1560.146,1621.028,1777.84,1911.505,2034.531,2100.151,1948.681,1970.077,1992.624,2075.65,2241.485,2403.714,2120.519
Iran,96.982,105.706,116.295,127.867,140.343,165.597,181.403,205.59,245.94,278.882,325.034,365.781,414.229,404.559,437.004,405.055,406.445,458.802,544.98,589.116,642.884,602.01,645.359,658.102,719.769,809.96,879.224,971.774,898.861,1007.509,1056.453,1149.304,1185.069,1234.165,1330.64,1395.884,1491.402,1624.945,1654.504,1829.866,1937.78,2117.057,2250.89,2321.365,2381.935,2421.659,2530.836,2557.998,2651.564,2772.816,2758.947,2890.051,2998.575,3171.842,3325.921,3341.689
Iraq,20.356,22.719,22.965,24.552,28.805,36.521,40.038,47.453,46.314,45.654,50.198,64.121,66.112,63.617,79.83,95.036,94.427,98.633,109.126,119.73,141.522,157.03,188.558,219.825,246.344,228.199,153.371,241.417,327.551,375.031,368.32,382.1,447.614,314.095,235.742,299.554,337.081,318.501,294.716,314.608,301.668,308.097,326.5,338.396,378.049,402.776,426.711,453.429,488.641,468.354,467.857,536.855,529.814,555.312,609.885,572.997
Ireland,67.494,75.654,82.026,95.695,96.045,75.66,78.65,83.004,87.255,88.759,83.052,84.771,90.33,93.987,103.638,100.274,97.837,97.144,95.738,94.734,99.388,107.338,108.596,108.043,111.347,116.909,121.106,121.938,124.599,129.518,132.077,139.672,145.772,156.785,165.864,172.505,182.868,181.619,176.925,179.25,187.099,190.985,196.885,195.977,178.857,178.387,168.877,166.472,162.997,162.387,172.544,180.008,180.61,184.604,184.218,170.848
Israel,46.471,48.658,50.795,53.224,55.488,57.67,60.008,62.614,65.514,66.925,68.946,72.791,76.073,81.082,88.73,94.544,96.196,100.01,100.805,102.255,99.399,104.529,115.719,123.868,128.32,133.047,138.038,150.411,159.321,174.41,194.623,204.874,201.035,214.893,223.391,233.705,232.618,236.127,242.712,245.659,253.634,253.309,267.248,271.484,259.992,275.588,282.093,294.567,273.459,268.884,283.708,288.6,301.688,302.358,313.484,291.039
Italy,920.417,999.784,1083.684,1171.639,1261.956,1393.913,1468.252,1539.894,1608.196,1607.484,1573.003,1660.975,1664.332,1706.412,1760.075,1714.859,1679.26,1645.767,1611.124,1636.109,1629.697,1674.166,1724.949,1767.403,1818.203,1849.004,1905.326,1897.517,1857.36,1852.565,1929.327,1927.875,1961.337,2006.569,2062.448,2090.401,2087.929,2074.614,2141.188,2187.434,2190.923,2180.2,2138.842,2100.346,1957.567,2020.456,1979.976,1923.549,1832.745,1734.104,1784.358,1790.446,1812.177,1825.474,1790.808,1628.598
Japan,1809.93,1999.61,2292.713,2556.477,2913.554,3257.578,3468.101,3633.55,4036.374,4052.257,3870.186,4011.586,4041.804,4209.868,4374.267,4243.589,4183.605,4019.596,4072.58,4420.898,4451.891,4457.644,4547.168,4835.273,5001.246,5187.366,5302.657,5360.35,5437.598,5646.495,5932.086,6046.894,6160.4,6035.887,6136.673,6202.705,6144.049,6153.185,6133.228,6201.064,6222.551,6205.43,6141.795,6034.803,5502.986,5863.926,5561.32,5524.495,5479.758,5338.224,5256.894,5194.842,5252.755,5223.433,5102.605,4730.588
Kuwait,79.222,82.881,84.358,88.777,90.937,73.408,73.157,80.958,80.664,77.401,69.007,82.298,84.139,92.413,112.727,84.724,108.709,106.922,118.033,125.782,120.555,138.048,127.516,143.994,155.05,91.493,46.121,81.675,100.173,116.934,150.55,149.02,155.051,190.984,198.265,211.943,214.305,226.83,271.091,302.839,334.093,321.131,311.96,337.725,342.904,392.796,403.636,419.668,429.623,436.618,448.497,448.808,457.504,457.808,463.421,418.605
Luxembourg,41.789,40.043,39.436,42.653,45.906,47.666,45.836,47.264,50.107,50.88,42.265,42.336,39.503,41.098,42.243,38.94,33.299,31.198,29.163,31.421,32.268,31.542,29.804,30.546,35.097,37.134,39.908,40.025,40.551,38.989,33.911,34.882,34.136,32.958,34.833,37.168,39.83,43.548,45.669,51.732,52.502,51.565,50.057,49.686,47.516,50.036,48.74,47.853,45.583,44.149,42.905,42.337,44.139,46.2,46.973,39.891
Malaysia,28.923,33.75,34.118,34.777,36.427,40.498,44.614,50.467,54.258,55.061,57.183,63.527,70.588,96.847,118.406,127.406,130.671,140.856,161.835,173.995,173.968,195.043,201.155,213.51,238.422,257.37,311.653,336.904,351.36,383.544,399.785,446.306,519.297,482.791,546.6,609.782,614.023,656.685,714.177,761.313,812.211,843.962,900.237,932.259,903.197,930.858,964.128,1035.615,1084.289,1094.415,1110.174,1168.614,1185.769,1202.034,1230.769,1142.389
Mexico,291.737,308.77,314.575,342.499,376.025,401.343,422.218,466.796,503.526,554.659,592.831,630.755,665.23,749.568,828.753,903.238,997.612,1040.129,1028.85,1076.511,1129.204,1096.655,1133.179,1141.275,1204.984,1267.817,1317.061,1339.86,1346.682,1424.214,1401.719,1445.87,1470.699,1536.208,1555.55,1629.087,1609.182,1660.507,1674.373,1764.578,1877.87,1937.301,1947.381,1988.276,1972.478,2030.201,2127.729,2140.368,2149.464,2138.002,2135.905,2162.935,2194.008,2178.449,2098.123,1798.852
Middle Africa,36.955,38.082,37.919,39.345,41.31,43.328,49.777,51.656,57.629,59.649,56.084,55.41,58.44,65.019,66.023,68.522,72.477,70.143,77.693,73.882,82.779,82.212,84.137,88.469,93.12,86.195,80.844,82.879,82.798,80.326,82.686,82.904,82.57,79.533,83.102,90.795,94.055,97.588,104.428,125.758,121.827,136.422,141.381,156.432,164.51,186.114,194.874,208.487,233.782,246.415,247.545,256.214,255.08,260.994,248.127,235.738
Middle East,555.748,579.109,605.518,640.724,673.817,710.06,751.932,817.607,895.876,954.857,952.624,1079.056,1227.231,1287.08,1512.585,1458.837,1591.802,1758.235,1923.437,2174.409,2305.231,2408.165,2575.495,2722.826,2865.719,2982.513,3103.486,3392.179,3489.827,3887.629,4010.43,4144.916,4341.588,4420.876,4514.537,4747.688,4995.175,5278.476,5510.605,5959.794,6282.762,6609.096,6969.832,7469.346,7652.304,8147.821,8509.336,8844.297,9078.603,9397.771,9673.459,9950.383,10084.123,10129.405,10419.368,10123.406
Morocco,17.515,23.168,24.445,26.235,28.736,30.106,32.008,34.604,38.543,41.191,41.928,45.46,50.946,54.083,60.319,60.504,58.767,60.647,62.285,63.138,65.216,67.42,69.417,73.319,80.64,82.537,83.584,93.607,94.687,104.304,102.342,106.763,110.98,113.893,118.344,117.323,126.715,129.878,130.132,148.213,160.884,164.158,162.603,179.483,174.814,193.769,203.684,207.245,212.555,215.697,219.376,221.729,232.223,240.011,261.927,243.882
Netherlands,413.96,443.377,468.8,524.391,584.768,659.776,695.748,808.119,859.616,815.762,822.313,896.831,880.733,898.436,928.206,871.52,826.432,764.073,767.757,797.14,822.432,863.158,880.93,883.802,887.834,910.223,927.519,938.531,946.325,936.122,974.228,1016.224,997.998,1004.92,992.674,1005.576,1044.132,1044.332,1051.399,1086.56,1108.98,1086.184,1104.513,1090.595,1074.776,1137.529,1089.648,1053.579,1022.465,965.064,978.585,996.55,981.114,980.164,975.717,936.821
New Zealand,83.342,88.532,89.262,91.288,92.913,103.462,108.147,115.428,120.196,120.862,122.575,126.697,128.928,127.205,128.615,129.235,129.623,133.955,139.118,146.676,148.627,160.485,161.922,169.722,152.27,180.719,184.414,185.147,190.185,201.041,208.129,211.703,212.79,212.648,214.263,223.971,222.081,230.084,222.781,230.219,223.534,225.439,224.595,225.58,224.375,229.275,230.687,232.18,233.705,244.405,246.505,248.151,252.394,251.748,258.323,233.462
Non-OECD,12688.119,13499.902,13946.327,14598.244,15613.185,16895.681,18137.416,19235.541,20423.85,21389.951,22645.129,23872.638,25385.61,26841.198,28124.976,28842.258,29559.999,30545.357,31651.353,33223.212,34194.752,35452.451,37016.014,38641.333,39452.514,40250.253,40485.058,40610.97,40539.698,40832.233,41466.614,42367.478,42780.736,43183.408,44162.522,45607.762,47142.057,49001.04,52469.654,57043.083,60634.495,64094.416,67774.955,69983.512,71122.475,75330.135,79417.793,81971.953,84079.9,86085.575,87267.986,89049.907,91261.015,94245.317,96398.797,94311.98
Norway,206.561,211.658,227.13,254.377,255.285,267.542,281.029,297.971,315.486,317.824,322.54,345.13,318.465,357.386,382.313,363.917,383.535,378.901,415.824,421.238,417.095,407.592,427.834,440.577,468.957,473.599,436.968,460.061,474.962,459.356,486.891,447.972,470.879,489.419,501.917,554.981,503.437,523.154,463.299,471.732,536.973,492.657,528.006,540.466,499.753,480.405,486.99,537.988,505.147,519.819,526.302,531.672,533.827,528.22,493.904,536.049
OECD,30427.793,31920.09,33180.115,35380.6,37713.319,39826.531,40900.676,42977.756,45429.946,44833.012,43907.766,46252.586,47304.854,48772.011,50102.306,48769.393,47704.559,46283.852,46405.29,48529.917,49700.946,50334.625,51765.476,53515.49,54493.721,54789.058,55240.147,55751.374,56546.021,57521.511,59057.579,61036.956,61651.613,61845.609,62737.632,63967.46,63508.857,64097.457,64652.738,65832.132,66205.147,66343.182,66734.964,65975.592,62757.812,65052.395,64371.919,63753.058,64341.748,63791.087,63958.256,64211.667,64801.376,65790.756,65131.957,60308.451
Oman,5.292,5.52,5.76,6.023,6.274,6.562,15.472,17.677,15.376,14.128,12.905,14.856,14.312,16.642,19.173,17.058,18.028,23.882,22.35,32.494,33.571,31.46,35.435,34.389,39.02,48.864,64.868,62.491,59.838,56.841,65.9,67.784,69.713,71.647,82.482,114.599,126.486,137.646,142.58,132.681,159.326,174.066,173.401,203.975,202.459,240.689,261.74,285.17,318.859,317.487,335.565,336.242,361.229,380.823,386.288,380.513
Pakistan,81.831,82.447,91.253,103.57,104.04,102.428,99.478,87.702,93.555,100.075,107.865,109.482,118.4,126.593,138.022,153.151,164.706,181.607,193.969,205.323,215.807,228.977,256.434,272.473,289.112,302.411,320.399,336.421,372.359,385.489,406.572,432.963,419.552,449.505,469.863,480.167,491.392,509.953,554.511,617.37,640.489,675.87,718.767,723.22,732.565,735.574,734.88,685.812,746.213,770.268,809.859,883.526,936.19,966.344,976.343,965.055
Peru,56.021,68.165,69.371,70.637,71.138,73.412,76.708,68.699,78.91,91.451,94.173,95.673,96.25,95.758,99.643,106.464,111.778,111.677,98.712,104.06,103.181,110.426,118.663,115.815,106.347,105.196,104.258,101.798,110.794,120.567,131.503,135.987,137.171,137.645,141.633,145.79,143.93,147.362,145.227,154.752,161.842,163.071,178.81,192.886,197.746,225.851,249.392,257.454,262.461,269.139,282.18,301.713,309.326,326.149,329.393,276.954
Philippines,54.508,58.918,66.18,74.767,80.092,91.13,104.328,103.25,120.529,112.32,121.574,126.286,136.276,142.101,148.094,145.536,144.776,140.672,151.986,138.201,133.358,135.408,147.014,162.069,175.363,182.199,176.547,204.886,211.884,225.018,250.667,269.528,290.106,294.578,300.06,299.332,294.926,293.002,303.433,313.529,312.224,302.797,315.025,325.477,328.849,339.022,345.622,356.743,382.481,402.363,441.051,481.705,528.338,543.128,559.735,506.944
Poland,775.882,791.002,814.11,876.167,935.886,987.579,1018.82,1074.573,1094.711,1130.779,1219.825,1285.151,1339.955,1406.904,1427.829,1495.106,1347.978,1372.67,1378.924,1433.522,1465.946,1507.33,1556.257,1526.545,1469.192,1210.053,1183.874,1132.081,1131.556,1082.848,1108.356,1163.549,1152.119,1103.694,1082.255,1017.055,1009.848,998.973,1033.678,1040.418,1063.181,1115.55,1111.953,1130.805,1090.06,1161.717,1167.439,1131.891,1135.105,1092.866,1103.783,1152.888,1198.566,1212.59,1176.408,1114.704
Portugal,49.031,53.528,57.272,58.373,63.108,75.765,83.486,90.71,100.328,105.005,104.581,103.777,116.84,123.004,130.492,127.236,125.434,135.473,140.11,145.723,148.492,157.659,161.268,178.579,194.155,196.537,203.997,206.923,212.263,219.615,241.297,247.74,251.614,274.742,282.014,290.721,294.532,293.301,299.857,294.902,294.995,291.51,293.634,283.569,285.318,299.251,285.76,261.247,285.523,291.075,285.753,304.75,296.587,301.276,286.524,259.044
Qatar,1.411,1.421,2.035,6.44,10.119,11.526,11.481,12.701,18.021,15.712,23.445,15.06,20.983,20.128,50.366,53.37,51.059,59.333,61.854,70.41,66.11,72.071,69.853,73.54,77.746,78.838,90.813,144.286,154.293,156.527,155.991,114.897,125.368,134.988,150.267,134.199,128.971,142.029,162.936,196.87,222.861,234.273,255.35,283.082,287.013,333.471,387.976,443.1,480.465,518.865,591.285,577.456,560.687,494.268,534.728,475.503
Romania,278.541,297.084,331.469,352.7,405.415,431.514,457.76,481.96,524.471,527.976,575.833,620.89,658.266,708.852,722.784,729.582,731.305,725.149,720.405,714.969,712.626,728.146,755.108,768.487,770.026,733.17,621.83,548.576,532.933,502.513,551.811,548.495,519.86,475.14,417.583,417.358,422.125,438.142,438.625,454.116,454.465,464.131,447.996,448.867,392.006,394.82,405.207,389.749,362.562,375.511,377.293,377.311,384.183,391.374,382.183,369.751
Saudi Arabia,235.14,238.322,241.765,245.518,249.663,262.855,263.272,282.169,301.0,319.354,253.261,292.794,345.763,385.336,466.843,419.916,501.237,551.853,597.982,715.298,729.734,784.659,831.738,870.275,856.545,928.337,972.452,981.756,1002.85,1159.58,1130.006,1168.553,1190.249,1252.577,1275.43,1334.88,1422.332,1481.383,1569.191,1702.448,1759.006,1828.373,1910.558,2095.512,2195.175,2426.702,2551.05,2705.203,2717.149,2914.913,3005.685,3043.54,3036.162,2957.136,2966.886,2933.478
Singapore,47.888,54.744,65.756,81.735,80.319,87.205,75.698,94.788,89.327,88.059,85.986,101.992,102.375,105.374,112.333,111.571,128.36,124.894,132.312,139.103,141.894,164.721,173.201,200.394,228.502,273.068,278.213,298.486,326.11,372.982,388.839,392.376,412.699,418.408,414.225,442.913,502.883,494.018,466.759,522.476,548.997,604.087,648.606,690.027,742.094,797.532,829.202,832.717,851.039,875.728,931.219,966.375,996.992,1001.675,979.91,948.879
Slovakia,106.438,110.202,110.837,122.385,127.883,141.381,151.656,159.489,165.965,174.511,182.716,189.55,199.201,209.045,215.025,218.376,216.684,214.36,214.944,231.586,238.727,236.593,241.923,243.171,246.598,247.298,221.238,212.735,208.669,205.31,208.192,209.773,205.932,208.076,209.708,216.435,222.599,224.368,217.655,211.897,223.357,215.413,202.036,209.072,190.341,202.666,194.977,187.133,191.757,178.621,180.301,181.061,191.484,188.46,182.032,173.052
South Africa,354.222,356.422,371.15,391.704,403.311,421.473,454.006,468.88,504.428,518.892,553.207,577.266,591.412,585.665,604.893,645.686,751.63,808.533,819.347,895.187,914.127,930.884,945.793,1041.106,994.564,1028.983,1021.347,1026.349,1024.798,1068.537,1116.747,1138.798,1164.352,1143.831,1182.766,1184.209,1190.409,1159.84,1256.876,1371.638,1298.461,1324.769,1360.819,1458.496,1451.993,1461.606,1443.46,1421.535,1427.698,1444.169,1414.572,1479.388,1471.641,1415.594,1446.639,1361.639
South Korea,74.69,90.592,104.114,119.353,144.076,167.247,180.954,187.608,232.107,241.228,265.296,296.81,341.395,382.243,440.552,453.48,474.7,475.016,516.098,563.65,622.598,698.221,773.428,863.952,938.861,1062.038,1201.626,1355.784,1486.849,1604.05,1752.337,1935.416,2125.981,1912.239,2084.677,2206.129,2261.189,2368.33,2445.289,2501.833,2585.865,2627.991,2708.041,2753.788,2770.559,3004.185,3146.259,3177.192,3186.417,3212.997,3264.134,3340.507,3407.23,3452.612,3402.167,3274.316
Spain,333.878,376.918,407.482,428.644,484.674,523.709,576.327,622.897,683.642,711.437,731.66,783.039,808.64,811.828,873.933,881.261,889.538,888.355,909.257,922.335,914.747,934.484,968.756,1010.175,1061.327,1060.73,1098.081,1152.147,1113.521,1166.039,1211.485,1255.554,1326.167,1390.385,1434.882,1517.153,1584.854,1604.482,1692.409,1755.727,1770.003,1793.801,1832.647,1780.611,1647.991,1688.587,1658.039,1648.229,1560.972,1531.695,1553.121,1566.914,1587.591,1608.542,1554.292,1381.183
Sri Lanka,6.498,6.725,6.892,7.207,7.552,14.108,13.269,14.343,14.427,12.669,12.568,12.591,13.486,15.557,16.15,16.305,18.743,20.77,21.202,21.054,20.532,21.105,21.706,22.379,22.198,24.132,24.922,27.188,29.141,31.957,34.856,36.263,39.103,42.41,46.026,49.674,48.678,49.757,51.705,49.974,57.395,62.389,63.53,59.345,61.247,65.618,68.93,69.459,70.614,75.317,80.807,86.093,90.809,96.163,99.247,90.734
Sweden,384.633,410.88,420.382,449.614,450.828,479.036,485.929,500.408,528.82,489.015,518.302,551.817,544.444,633.958,668.765,628.598,622.746,592.28,586.92,620.689,674.658,700.987,684.156,668.411,653.141,664.438,630.399,634.005,627.003,629.141,635.061,619.38,638.619,691.336,671.27,620.182,665.813,624.269,599.591,643.896,660.094,620.818,628.773,617.996,565.429,599.512,592.096,627.069,588.614,585.663,603.843,593.814,612.956,599.848,622.722,610.949
Switzerland,178.15,191.173,204.094,214.697,222.475,243.732,249.575,246.489,272.509,260.015,269.299,258.03,285.657,281.791,280.846,300.304,299.548,293.23,305.369,296.414,316.543,332.437,330.071,332.458,311.253,324.701,333.28,338.602,337.472,354.299,335.976,325.392,347.433,349.507,364.464,355.818,379.807,354.015,350.21,345.232,331.508,345.014,340.329,351.801,350.847,341.46,324.247,342.09,351.138,334.727,327.326,307.948,308.679,313.329,326.727,299.421
Taiwan,69.894,74.899,81.796,93.815,98.376,107.165,134.667,143.819,168.225,160.84,177.178,216.117,237.277,280.117,297.274,313.655,293.174,327.45,369.158,382.891,399.692,433.063,468.223,515.466,549.058,583.609,622.41,657.371,697.652,734.449,783.032,816.479,864.475,922.853,967.945,1033.265,1066.549,1116.095,1149.441,1223.108,1235.073,1262.803,1314.362,1269.96,1237.389,1323.839,1312.624,1305.29,1331.997,1361.841,1360.823,1361.794,1368.096,1386.451,1361.591,1338.485
Thailand,30.556,36.403,41.433,53.22,56.287,66.953,74.15,90.117,95.551,99.325,109.508,115.633,127.338,138.722,146.175,146.451,148.244,151.759,167.802,184.656,193.493,206.3,236.706,265.203,304.844,360.685,398.315,439.647,500.641,561.29,615.373,695.76,733.334,679.309,726.095,735.02,773.019,852.24,921.499,996.574,1033.402,1048.414,1095.091,1108.451,1146.769,1219.017,1266.004,1353.193,1375.877,1413.232,1446.378,1478.031,1503.276,1535.338,1531.525,1421.846
Trinidad and Tobago,33.626,35.777,38.138,39.314,40.542,44.681,45.146,62.23,61.725,59.454,47.905,53.866,56.041,56.424,49.852,47.939,50.623,59.456,58.011,57.181,59.095,61.441,58.001,63.743,62.711,69.587,69.379,73.434,77.406,82.03,88.958,100.794,100.768,102.284,113.682,118.827,128.209,139.128,155.985,171.538,183.928,214.824,221.526,218.267,216.458,233.87,229.673,226.1,230.295,229.111,222.302,197.232,209.285,198.092,197.438,173.257
Turkey,91.001,104.447,108.045,125.783,137.336,146.071,161.849,180.779,205.055,208.989,232.537,261.627,286.457,302.794,285.358,296.408,298.883,326.142,337.68,355.296,383.934,418.573,476.254,522.192,514.394,557.845,569.635,598.515,649.563,629.44,704.109,767.775,803.522,823.793,803.332,859.066,781.26,853.601,904.026,966.679,989.854,1098.145,1168.092,1172.446,1187.761,1250.385,1336.184,1418.387,1407.437,1453.243,1589.758,1669.622,1770.15,1748.158,1807.463,1747.137
United Arab Emirates,0.855,0.912,5.407,6.945,6.969,9.606,14.638,15.65,20.293,22.296,23.859,30.19,49.632,57.501,67.56,108.156,125.928,135.966,130.515,162.547,201.634,244.387,273.077,301.883,340.165,344.953,420.837,406.696,423.47,464.674,484.871,499.688,521.456,534.113,538.343,535.743,541.502,591.616,631.066,674.937,704.457,741.126,818.207,938.247,925.42,971.899,1020.736,1074.724,1134.115,1121.56,1240.01,1289.397,1292.778,1275.291,1264.647,1163.958
United Kingdom,2314.494,2325.479,2325.948,2409.193,2496.407,2548.676,2501.599,2538.339,2664.723,2530.441,2385.749,2434.386,2479.849,2494.24,2610.979,2378.205,2312.132,2281.729,2290.614,2289.379,2386.368,2452.672,2448.886,2481.021,2483.551,2503.3,2555.903,2539.387,2568.081,2536.941,2545.647,2669.196,2622.354,2650.043,2636.631,2659.163,2688.553,2628.147,2665.403,2679.592,2707.909,2674.728,2594.804,2547.286,2419.773,2476.405,2340.555,2368.107,2356.086,2219.632,2244.819,2219.957,2210.394,2207.484,2146.401,1915.147
United States,14398.359,15205.429,15731.625,16671.432,17530.173,18152.51,18531.157,19453.544,20277.137,19772.831,19246.783,20304.552,20830.978,21281.481,21507.891,20676.477,20063.962,19234.678,19161.285,20144.516,20097.048,20280.516,20967.992,21927.096,22450.386,22499.337,22466.546,22803.945,23279.506,23711.226,24220.908,25034.488,25224.46,25390.094,25839.653,26425.702,25802.498,26175.448,26256.308,26772.507,26783.435,26565.603,26935.281,26271.89,24965.631,25808.939,25569.276,24894.316,25567.077,25830.042,25579.485,25544.396,25626.88,26566.233,26359.991,24387.388
Venezuela,191.239,193.057,203.523,219.44,221.802,223.74,227.246,240.163,274.902,284.143,295.348,322.795,359.681,367.556,405.102,453.61,470.578,479.84,477.729,486.786,499.714,536.738,535.29,557.195,561.849,596.927,599.659,649.143,642.149,697.138,718.177,699.213,739.092,784.35,784.513,807.048,839.434,849.559,793.138,860.775,886.35,935.284,988.571,969.378,967.316,933.456,956.009,1001.528,1014.943,965.241,953.305,830.519,812.527,687.015,541.504,400.429
Vietnam,29.394,51.412,70.864,73.48,86.793,90.536,80.715,78.259,82.602,61.415,68.261,39.467,42.218,43.762,47.138,53.883,54.004,57.692,60.383,60.851,60.493,66.27,74.69,74.608,70.594,75.844,77.012,84.079,95.997,107.193,124.422,142.772,165.042,178.54,184.159,209.652,236.761,259.304,279.898,342.424,362.478,331.296,361.868,449.442,457.419,520.243,592.108,621.212,652.547,715.132,794.946,857.925,918.556,1035.414,1157.319,1135.833
Western Africa,51.813,56.955,57.871,58.429,65.525,73.542,94.799,102.403,114.929,118.104,127.276,154.996,167.88,176.983,205.531,218.989,228.77,238.722,220.018,202.267,216.47,213.785,223.511,238.634,251.296,244.017,260.268,281.308,283.031,279.185,287.618,311.591,310.261,316.483,317.663,339.179,368.303,401.846,398.026,412.114,425.355,389.135,415.781,447.311,418.491,438.045,480.051,501.64,503.477,519.165,600.513,619.11,669.76,744.152,763.636,722.877
